,CON,Año,Origen
0,2950,2012,Africa
1,41992,2012,Asia
2,103557,2012,América Central
3,458215,2012,América del Norte
4,753459,2012,América del Sur
5,76,2012,Antartida
6,9,2012,Desconocido
7,325050,2012,Europa
8,13058,2012,Oceania
0,3587,2013,Africa
1,43733,2013,Asia
2,118418,2013,América Central
3,484156,2013,América del Norte
4,823353,2013,América del Sur
5,58,2013,Antartida
6,501,2013,Desconocido
7,345156,2013,Europa
8,13136,2013,Oceania
0,4042,2014,Africa
1,49130,2014,Asia
2,130327,2014,América Central
3,534787,2014,América del Norte
4,934791,2014,América del Sur
5,1752,2014,Desconocido
6,381661,2014,Europa
7,15428,2014,Oceania
0,4218,2015,Africa
1,60594,2015,Asia
2,174183,2015,América Central
3,642819,2015,América del Norte
4,1046581,2015,América del Sur
5,2176,2015,Desconocido
6,440064,2015,Europa
7,16828,2015,Oceania
0,4529,2016,Africa
1,65075,2016,Asia
2,225267,2016,América Central
3,710476,2016,América del Norte
4,1195163,2016,América del Sur
5,1,2016,Antartida
6,2585,2016,Desconocido
7,477412,2016,Europa
8,18740,2016,Oceania
9,9,2016,Refugiado
0,4407,2017,Africa
1,69610,2017,Asia
2,240078,2017,América Central
3,763397,2017,América del Norte
4,1712985,2017,América del Sur
5,2968,2017,Desconocido
6,531157,2017,Europa
7,20152,2017,Oceania
8,62,2017,Refugiado
0,4283,2018,Africa
1,73109,2018,Asia
2,270833,2018,América Central
3,901578,2018,América del Norte
4,2289674,2018,América del Sur
5,3096,2018,Desconocido
6,587953,2018,Europa
7,20898,2018,Oceania
8,141,2018,Refugiado
0,5000,2019,Africa
1,75320,2019,Asia
2,280512,2019,América Central
3,984825,2019,América del Norte
4,1983449,2019,América del Sur
5,3442,2019,Desconocido
6,634331,2019,Europa
7,20535,2019,Oceania
8,32,2019,Refugiado
0,1302,2020,Africa
1,17784,2020,Asia
2,75346,2020,América Central
3,313195,2020,América del Norte
4,422388,2020,América del Sur
5,689,2020,Desconocido
6,165669,2020,Europa
7,4179,2020,Oceania
0,1747,2021,Africa
1,28154,2021,Asia
2,140508,2021,América Central
3,623274,2021,América del Norte
4,514882,2021,América del Sur
5,2,2021,Antartida
6,758,2021,Desconocido
7,210232,2021,Europa
8,2569,2021,Oceania
